{
    "hold_acceleration": 879.9542162397119,
    "release_acceleration": -559.8404986456645
}